<?xml version="1.0" encoding="UTF-8"?>
<project-private xmlns="http://www.netbeans.org/ns/project-private/1">
    <editor-bookmarks xmlns="http://www.netbeans.org/ns/editor-bookmarks/2" lastBookmarkId="0"/>
    <open-files xmlns="http://www.netbeans.org/ns/projectui-open-files/2">
        <group>
            <file>file:/C:/Users/Logan/Desktop/CIS%20231/Stopwatch/src/stopwatch/primeMethods.java</file>
            <file>file:/C:/Users/Logan/Desktop/CIS%20231/Stopwatch/src/stopwatch/Stopwatch.java</file>
            <file>file:/C:/Users/Logan/Desktop/CIS%20231/Stopwatch/src/stopwatch/SortTimeApp.java</file>
            <file>file:/C:/Users/Logan/Desktop/CIS%20231/Stopwatch/src/stopwatch/SortData.java</file>
            <file>file:/C:/Users/Logan/Desktop/CIS%20231/Stopwatch/src/stopwatch/primeNumStopwatch.java</file>
        </group>
    </open-files>
</project-private>
